trial,score,duration_ms,status,config
0,0.646059,632,Completed,"competition.strength=Float(0.2057798406355502);timing.stdp_tau_plus=Float(38.36791223342715);memory.weight_clamp=Float(1.8258914092615925);memory.dopamine_sensitivity=Float(2.5507524499089347);network.initial_inh_weight=Float(0.32856209423126703);curiosity.habituation_rate=Float(0.9393962006669948);learning.stdp_a_plus=Float(0.003700243687623455);homeostasis.target_firing_rate=Float(0.03272792473033255);network.inhibitory_ratio=Float(0.16442747834707322);timing.eligibility_trace_tau=Float(78.41628362259114);homeostasis.memory_alpha=Float(0.013126684004262904);homeostasis.homeo_eta=Float(0.03348434240093569);curiosity.surprise_threshold=Float(0.0022737991584659526);learning.ltp_ltd_ratio=Float(1.1007917563199978);energy.cost_fire_ratio=Float(0.02578244000109435);homeostasis.homeo_interval=Int(8);timing.stdp_tau_minus=Float(12.717769875358272);energy.recovery_rate=Float(5.66870084513647);timing.stdp_window=Int(29);homeostasis.meta_threshold=Float(0.1485414610706599);learning.trace_increment=Float(0.1666695190166751);working_memory.capacity=Int(6);memory.consolidation_rate=Float(0.0002587249540467281);timing.stp_recovery_tau=Float(53.31783352962645);curiosity.scale=Float(0.016426083027950043);learning.istdp_rate=Float(0.00033488162285575583);learning.stdp_a_minus=Float(0.0030522823240588183);memory.tag_decay_rate=Float(0.003782468862171242);timing.refractory_period=Int(10);network.initial_exc_weight=Float(0.05080745497970084);stp.use_fraction=Float(0.06905688026898002);predictive.state_learning_rate=Float(0.0224006752715557);network.initial_threshold=Float(0.10435216063734894);learning.base_learning_rate=Float(0.00341426358590399);learning.weight_decay=Float(4.199407035027389e-5)"
1,0.626944,502,Completed,"timing.refractory_period=Int(1);curiosity.surprise_threshold=Float(0.006846629361684176);timing.stdp_tau_minus=Float(14.762861776343282);energy.recovery_rate=Float(4.1859168492224805);stp.use_fraction=Float(0.1579213773733753);memory.dopamine_sensitivity=Float(1.2136153588568828);learning.istdp_rate=Float(0.0002804905836821617);learning.trace_increment=Float(0.07272068261465074);network.initial_inh_weight=Float(0.2525992264395112);homeostasis.memory_alpha=Float(0.007393632595949445);timing.stp_recovery_tau=Float(75.85751709431818);timing.eligibility_trace_tau=Float(88.9242588861277);curiosity.scale=Float(0.047316105118327796);memory.tag_decay_rate=Float(0.003556202917214433);timing.stdp_window=Int(33);network.inhibitory_ratio=Float(0.14754545817793008);homeostasis.homeo_eta=Float(0.02259937820528604);learning.weight_decay=Float(0.00013594927742198402);working_memory.capacity=Int(7);homeostasis.homeo_interval=Int(1);energy.cost_fire_ratio=Float(0.022610120380439358);timing.stdp_tau_plus=Float(51.991416637783736);homeostasis.meta_threshold=Float(0.10656208419393798);competition.strength=Float(0.17872747603774247);curiosity.habituation_rate=Float(0.9060730948455337);predictive.state_learning_rate=Float(0.04345913748568059);learning.stdp_a_plus=Float(0.004284370816055956);memory.consolidation_rate=Float(0.00022742099684348378);network.initial_exc_weight=Float(0.08089285809800328);learning.ltp_ltd_ratio=Float(1.2332491323429275);homeostasis.target_firing_rate=Float(0.07279859989481013);learning.base_learning_rate=Float(0.0010036991972864654);learning.stdp_a_minus=Float(0.007151993591750016);memory.weight_clamp=Float(2.8761416380005285);network.initial_threshold=Float(0.2925850393698982)"
2,0.656857,662,Completed,"timing.stdp_tau_plus=Float(49.555541279156586);network.initial_threshold=Float(0.11968175322275651);learning.trace_increment=Float(0.050472203421050736);homeostasis.homeo_eta=Float(0.015766553531450827);timing.stp_recovery_tau=Float(121.7539959754222);stp.use_fraction=Float(0.13216555080892647);learning.stdp_a_plus=Float(0.007302043684063654);timing.stdp_tau_minus=Float(25.26744222973181);curiosity.scale=Float(0.09201551481197016);homeostasis.homeo_interval=Int(7);network.initial_inh_weight=Float(0.3494051416519576);network.inhibitory_ratio=Float(0.19866284287969185);learning.stdp_a_minus=Float(0.0021473295404565986);timing.refractory_period=Int(6);timing.stdp_window=Int(42);energy.recovery_rate=Float(1.1521776095387009);energy.cost_fire_ratio=Float(0.07097149744186818);learning.ltp_ltd_ratio=Float(2.3309767749931143);learning.weight_decay=Float(0.00012491785589169576);network.initial_exc_weight=Float(0.043762940665186136);learning.istdp_rate=Float(0.00013111643304178616);predictive.state_learning_rate=Float(0.012231587239789465);memory.weight_clamp=Float(2.744861636717073);curiosity.habituation_rate=Float(0.9365997274100314);competition.strength=Float(0.18950498869863922);working_memory.capacity=Int(7);memory.dopamine_sensitivity=Float(5.06176100928843);homeostasis.target_firing_rate=Float(0.13701395380939682);curiosity.surprise_threshold=Float(0.003336049651656215);homeostasis.meta_threshold=Float(0.11330410840765204);memory.consolidation_rate=Float(0.00010535709220376509);homeostasis.memory_alpha=Float(0.00866476266531204);learning.base_learning_rate=Float(0.007163096583511479);memory.tag_decay_rate=Float(0.0021849979336884817);timing.eligibility_trace_tau=Float(99.48993848112329)"
3,0.640827,496,Completed,"timing.refractory_period=Int(5);timing.stdp_tau_minus=Float(19.44505733541331);network.initial_threshold=Float(0.21620154215865806);curiosity.scale=Float(0.23461470351196237);predictive.state_learning_rate=Float(0.062140954218462774);memory.weight_clamp=Float(2.5532899297665086);homeostasis.meta_threshold=Float(0.10690132059550408);memory.dopamine_sensitivity=Float(2.535573795562511);working_memory.capacity=Int(3);network.initial_inh_weight=Float(0.7503406689153845);learning.trace_increment=Float(0.13240343830138523);curiosity.surprise_threshold=Float(0.005643114079175367);curiosity.habituation_rate=Float(0.9400155702435914);homeostasis.homeo_interval=Int(2);homeostasis.target_firing_rate=Float(0.10270772545428661);learning.weight_decay=Float(8.545467899760929e-5);learning.stdp_a_plus=Float(0.002027975838030143);learning.stdp_a_minus=Float(0.0015140914225806764);stp.use_fraction=Float(0.0916690749795337);timing.stp_recovery_tau=Float(58.771147348166245);timing.stdp_tau_plus=Float(39.14530171294355);network.initial_exc_weight=Float(0.06342681733272662);energy.recovery_rate=Float(7.040303242867884);memory.consolidation_rate=Float(0.00026396942662783405);timing.eligibility_trace_tau=Float(123.73924000605604);homeostasis.memory_alpha=Float(0.005288449745776451);network.inhibitory_ratio=Float(0.13636695466385385);learning.istdp_rate=Float(0.0005085366448388963);memory.tag_decay_rate=Float(0.0010975021918519035);timing.stdp_window=Int(15);learning.base_learning_rate=Float(0.0035005526663372277);competition.strength=Float(0.29109402005353335);homeostasis.homeo_eta=Float(0.05590854422697086);energy.cost_fire_ratio=Float(0.04431079614309379);learning.ltp_ltd_ratio=Float(2.0151273005211556)"
4,0.641439,664,Completed,"homeostasis.target_firing_rate=Float(0.07212940115531194);competition.strength=Float(0.21824146632995492);learning.base_learning_rate=Float(0.0024344332955124944);homeostasis.homeo_interval=Int(7);network.inhibitory_ratio=Float(0.17770079422688598);timing.stp_recovery_tau=Float(112.4116555118029);learning.stdp_a_plus=Float(0.0027534907152984302);energy.cost_fire_ratio=Float(0.016563475315124605);learning.stdp_a_minus=Float(0.0012921739896565414);network.initial_threshold=Float(0.2074245965358393);curiosity.habituation_rate=Float(0.9331194330803397);curiosity.scale=Float(0.23576775827346552);memory.tag_decay_rate=Float(0.0027794747790377125);predictive.state_learning_rate=Float(0.042363152923123135);learning.weight_decay=Float(8.856944616013785e-5);network.initial_inh_weight=Float(0.11372277769579617);timing.eligibility_trace_tau=Float(100.4921014123917);homeostasis.meta_threshold=Float(0.09420705862441264);timing.stdp_tau_minus=Float(16.892988043113842);energy.recovery_rate=Float(12.314190019693736);homeostasis.homeo_eta=Float(0.029808551875455024);memory.dopamine_sensitivity=Float(1.595710542191684);memory.consolidation_rate=Float(0.00016870398620180753);timing.stdp_tau_plus=Float(54.40119118997855);learning.istdp_rate=Float(0.00019671131240845625);memory.weight_clamp=Float(1.6265380793778548);curiosity.surprise_threshold=Float(0.005516109378420734);timing.refractory_period=Int(5);timing.stdp_window=Int(46);learning.ltp_ltd_ratio=Float(2.311316511899074);working_memory.capacity=Int(3);homeostasis.memory_alpha=Float(0.019132295118704325);learning.trace_increment=Float(0.09065890424900197);stp.use_fraction=Float(0.14237836582874375);network.initial_exc_weight=Float(0.03387796465164934)"
5,0.645832,548,Completed,"learning.stdp_a_minus=Float(0.0038283640527366045);energy.recovery_rate=Float(7.385983228307678);homeostasis.homeo_interval=Int(9);stp.use_fraction=Float(0.1008139572457443);memory.consolidation_rate=Float(0.0006957160533287257);network.initial_inh_weight=Float(0.7215530906854087);homeostasis.meta_threshold=Float(0.11392973738581169);energy.cost_fire_ratio=Float(0.07201850439468829);homeostasis.target_firing_rate=Float(0.03158257808107477);network.initial_threshold=Float(0.28909712987698083);learning.ltp_ltd_ratio=Float(1.5630923715799796);learning.weight_decay=Float(0.00020044044368178893);timing.stdp_tau_plus=Float(33.141055734162464);homeostasis.homeo_eta=Float(0.028526129213986954);learning.istdp_rate=Float(0.00012852117565831554);network.inhibitory_ratio=Float(0.1485093511288309);memory.dopamine_sensitivity=Float(1.0420382556137717);curiosity.habituation_rate=Float(0.924002774447669);timing.eligibility_trace_tau=Float(98.48761272411858);learning.stdp_a_plus=Float(0.00960755453448531);learning.base_learning_rate=Float(0.0013135498261711077);curiosity.scale=Float(0.14138363236826465);working_memory.capacity=Int(6);network.initial_exc_weight=Float(0.035297888402197955);curiosity.surprise_threshold=Float(0.0011598556871138127);timing.stdp_tau_minus=Float(16.23568505310353);homeostasis.memory_alpha=Float(0.011982190277038264);timing.refractory_period=Int(9);competition.strength=Float(0.2864387433478699);memory.tag_decay_rate=Float(0.0010559297750790118);predictive.state_learning_rate=Float(0.0616142770443523);learning.trace_increment=Float(0.1640232919980826);timing.stp_recovery_tau=Float(173.1736190088963);memory.weight_clamp=Float(2.6541806994132187);timing.stdp_window=Int(31)"
6,0.624483,526,Completed,"homeostasis.meta_threshold=Float(0.05906438857993679);memory.consolidation_rate=Float(0.0001147698241201377);stp.use_fraction=Float(0.11765144116190529);network.initial_exc_weight=Float(0.0263878977476591);curiosity.surprise_threshold=Float(0.002335576505530784);network.initial_inh_weight=Float(0.148853102104937);energy.cost_fire_ratio=Float(0.03736282307360387);timing.refractory_period=Int(9);timing.stdp_tau_plus=Float(42.9700992891961);learning.ltp_ltd_ratio=Float(1.1546349272026295);learning.stdp_a_plus=Float(0.004495157891880343);timing.stdp_window=Int(21);homeostasis.homeo_interval=Int(8);memory.dopamine_sensitivity=Float(5.210047173595532);timing.stdp_tau_minus=Float(9.771482410088993);curiosity.scale=Float(0.19914393293651378);energy.recovery_rate=Float(12.401116368221379);learning.stdp_a_minus=Float(0.006487312547941731);learning.weight_decay=Float(0.00013501870599843922);homeostasis.target_firing_rate=Float(0.07565716699828792);working_memory.capacity=Int(5);timing.eligibility_trace_tau=Float(58.1666840699573);learning.base_learning_rate=Float(0.004861938413914291);competition.strength=Float(0.12957083248290485);network.initial_threshold=Float(0.27728936927795633);homeostasis.memory_alpha=Float(0.021159014827063304);homeostasis.homeo_eta=Float(0.060571245803859586);timing.stp_recovery_tau=Float(174.71525560242947);memory.tag_decay_rate=Float(0.0024432349895633395);network.inhibitory_ratio=Float(0.21302037441940525);predictive.state_learning_rate=Float(0.010423370409207435);learning.istdp_rate=Float(0.0003303636565953054);learning.trace_increment=Float(0.13924114921578234);memory.weight_clamp=Float(1.4387194329031556);curiosity.habituation_rate=Float(0.9323615324749522)"
7,0.646799,647,Completed,"homeostasis.target_firing_rate=Float(0.12268090869595318);energy.recovery_rate=Float(11.914720550858117);memory.dopamine_sensitivity=Float(3.8586585421251733);learning.trace_increment=Float(0.1265325455755304);homeostasis.homeo_interval=Int(2);curiosity.habituation_rate=Float(0.9273545470129128);memory.consolidation_rate=Float(0.0005251156908947072);learning.base_learning_rate=Float(0.008451663308006863);timing.stdp_tau_minus=Float(7.533891144565747);network.initial_threshold=Float(0.1901096991473133);network.initial_exc_weight=Float(0.06355555905344792);homeostasis.memory_alpha=Float(0.014347584348199152);learning.ltp_ltd_ratio=Float(2.1036131999230974);predictive.state_learning_rate=Float(0.05486409317442777);timing.eligibility_trace_tau=Float(65.96614646709708);curiosity.surprise_threshold=Float(0.0038651574595578234);learning.weight_decay=Float(1.3380059355051645e-5);timing.stdp_window=Int(18);learning.stdp_a_plus=Float(0.004837527075375928);timing.stdp_tau_plus=Float(21.91110323227735);curiosity.scale=Float(0.23590371964869644);network.inhibitory_ratio=Float(0.16825022151885793);working_memory.capacity=Int(3);timing.stp_recovery_tau=Float(59.459088849709154);learning.istdp_rate=Float(0.00014760047229421953);learning.stdp_a_minus=Float(0.00381795608883772);memory.tag_decay_rate=Float(0.0034433188395128767);energy.cost_fire_ratio=Float(0.06900990541069998);network.initial_inh_weight=Float(0.3001294475514743);competition.strength=Float(0.10477339755854882);timing.refractory_period=Int(10);homeostasis.homeo_eta=Float(0.020677458898594923);stp.use_fraction=Float(0.17043918410093506);homeostasis.meta_threshold=Float(0.12964688884784628);memory.weight_clamp=Float(1.79043659679369)"
8,0.649888,488,Completed,"memory.tag_decay_rate=Float(0.0018794854560850115);learning.base_learning_rate=Float(0.0014475002580855018);memory.dopamine_sensitivity=Float(1.9638958922503273);learning.weight_decay=Float(4.897067136778189e-5);learning.ltp_ltd_ratio=Float(1.9268500224982503);curiosity.surprise_threshold=Float(0.003020725076916724);energy.cost_fire_ratio=Float(0.02795433169183189);network.inhibitory_ratio=Float(0.19098440874158043);network.initial_inh_weight=Float(0.5468336531070139);memory.consolidation_rate=Float(0.00022479262072500254);homeostasis.meta_threshold=Float(0.15110275676732482);homeostasis.homeo_interval=Int(5);energy.recovery_rate=Float(7.617491030743692);timing.stdp_window=Int(33);learning.stdp_a_minus=Float(0.001754026472779881);timing.stp_recovery_tau=Float(160.82501642192364);learning.istdp_rate=Float(0.00022291131483147668);network.initial_threshold=Float(0.183672175669035);competition.strength=Float(0.2752527147939552);homeostasis.homeo_eta=Float(0.01155630057055139);timing.stdp_tau_minus=Float(19.47900712361536);curiosity.scale=Float(0.0831454350969627);learning.trace_increment=Float(0.05039905862659194);timing.eligibility_trace_tau=Float(123.08405332634567);predictive.state_learning_rate=Float(0.04411635573554252);timing.refractory_period=Int(4);curiosity.habituation_rate=Float(0.9249479506646627);homeostasis.memory_alpha=Float(0.01222056656020502);memory.weight_clamp=Float(2.4464073594301956);stp.use_fraction=Float(0.05220879737804849);learning.stdp_a_plus=Float(0.002050822761452359);homeostasis.target_firing_rate=Float(0.07599851196771454);timing.stdp_tau_plus=Float(49.143058163845694);network.initial_exc_weight=Float(0.06953129109915608);working_memory.capacity=Int(5)"
9,0.645044,548,Completed,"homeostasis.homeo_interval=Int(10);timing.stdp_window=Int(21);timing.stdp_tau_minus=Float(14.732759658883502);timing.refractory_period=Int(8);learning.weight_decay=Float(6.60336078687246e-5);homeostasis.meta_threshold=Float(0.13314629774148257);homeostasis.homeo_eta=Float(0.01341431907095643);memory.consolidation_rate=Float(0.0006769220564520901);network.initial_inh_weight=Float(0.7255080865755462);timing.eligibility_trace_tau=Float(93.9151110047397);homeostasis.target_firing_rate=Float(0.10229625885661138);learning.base_learning_rate=Float(0.0013344802807792946);predictive.state_learning_rate=Float(0.04851821107936058);timing.stp_recovery_tau=Float(132.99085627845278);curiosity.scale=Float(0.0400079995160941);stp.use_fraction=Float(0.14018229794227105);network.inhibitory_ratio=Float(0.22531028476667367);learning.trace_increment=Float(0.11306910359139301);memory.weight_clamp=Float(1.84664735403998);memory.tag_decay_rate=Float(0.0040573836084455625);curiosity.surprise_threshold=Float(0.005639294726763246);timing.stdp_tau_plus=Float(13.44933430977383);working_memory.capacity=Int(3);curiosity.habituation_rate=Float(0.9009772879355534);memory.dopamine_sensitivity=Float(5.423464516276369);energy.recovery_rate=Float(2.8849789690889835);learning.ltp_ltd_ratio=Float(1.835014043337436);learning.stdp_a_minus=Float(0.008509192548400994);network.initial_exc_weight=Float(0.07839313090042983);homeostasis.memory_alpha=Float(0.020047526513866685);energy.cost_fire_ratio=Float(0.03946133520208796);network.initial_threshold=Float(0.14517321745985495);learning.stdp_a_plus=Float(0.0063504582187029375);competition.strength=Float(0.13066151357038447);learning.istdp_rate=Float(0.0004989854733166571)"
10,0.638442,642,Completed,"curiosity.scale=Float(0.2113970337788102);memory.tag_decay_rate=Float(0.00899601248535235);network.initial_inh_weight=Float(0.667370468417036);predictive.state_learning_rate=Float(0.17826907999540426);homeostasis.memory_alpha=Float(0.0320806543883124);competition.strength=Float(0.1110109867553718);curiosity.surprise_threshold=Float(0.039875334789016136);learning.stdp_a_minus=Float(0.04959520406988338);learning.ltp_ltd_ratio=Float(1.27484152519024);learning.base_learning_rate=Float(0.005648518115665884);network.initial_threshold=Float(0.12269108035198671);timing.stdp_tau_minus=Float(24.75095524446828);learning.trace_increment=Float(0.16352638809790984);memory.weight_clamp=Float(2.452961719001867);stp.use_fraction=Float(0.14944619100993645);timing.refractory_period=Int(7);timing.eligibility_trace_tau=Float(166.16586425019563);network.inhibitory_ratio=Float(0.17325479843962355);learning.istdp_rate=Float(0.004756427900180321);energy.cost_fire_ratio=Float(0.05000225390773319);homeostasis.homeo_interval=Int(6);homeostasis.homeo_eta=Float(0.14995614884653038);curiosity.habituation_rate=Float(0.9452349205746396);memory.consolidation_rate=Float(0.004788654109250907);memory.dopamine_sensitivity=Float(5.161028909068794);energy.recovery_rate=Float(9.577355280652958);learning.weight_decay=Float(0.003832638041785136);homeostasis.target_firing_rate=Float(0.06815472939008724);timing.stdp_tau_plus=Float(39.43878191975848);timing.stdp_window=Int(27);timing.stp_recovery_tau=Float(129.81006500306773);learning.stdp_a_plus=Float(0.02354953373795132);working_memory.capacity=Int(6);homeostasis.meta_threshold=Float(0.11155224890949955);network.initial_exc_weight=Float(0.051243570405348104)"
11,0.645332,881,Completed,"memory.consolidation_rate=Float(0.0034829622537090824);learning.base_learning_rate=Float(0.03729914102151505);timing.refractory_period=Int(8);memory.weight_clamp=Float(2.211743868238233);timing.stdp_tau_plus=Float(41.827076273464385);competition.strength=Float(0.29791348702225684);network.initial_inh_weight=Float(0.4655045275030436);curiosity.scale=Float(0.13321489870157438);homeostasis.homeo_interval=Int(5);working_memory.capacity=Int(5);network.initial_exc_weight=Float(0.07379126865737869);homeostasis.homeo_eta=Float(0.19308664280294596);timing.stdp_window=Int(42);learning.stdp_a_minus=Float(0.0017164578986625322);learning.weight_decay=Float(0.004986195640269712);stp.use_fraction=Float(0.13782107635350457);curiosity.habituation_rate=Float(0.9243476942266216);curiosity.surprise_threshold=Float(0.04506839773456296);network.initial_threshold=Float(0.1745980470614969);energy.recovery_rate=Float(5.018158965748306);homeostasis.meta_threshold=Float(0.07145575872190664);energy.cost_fire_ratio=Float(0.06269525006243383);homeostasis.target_firing_rate=Float(0.11546616817486151);learning.istdp_rate=Float(0.004692384264104159);predictive.state_learning_rate=Float(0.22029434960109515);timing.stdp_tau_minus=Float(5.619525951477589);timing.stp_recovery_tau=Float(128.47629681426946);learning.stdp_a_plus=Float(0.009468811621765796);memory.tag_decay_rate=Float(0.02512843289159435);homeostasis.memory_alpha=Float(0.018355519765372277);learning.trace_increment=Float(0.1651939956739531);network.inhibitory_ratio=Float(0.20833025200020763);memory.dopamine_sensitivity=Float(5.066628669636936);timing.eligibility_trace_tau=Float(245.86901010383593);learning.ltp_ltd_ratio=Float(1.6168828035278437)"
12,0.640173,669,Completed,"memory.consolidation_rate=Float(0.000537310659312017);energy.recovery_rate=Float(12.036407573855577);energy.cost_fire_ratio=Float(0.06448077580763045);network.initial_inh_weight=Float(0.6493396701638912);curiosity.habituation_rate=Float(0.9337598924913351);timing.eligibility_trace_tau=Float(163.8352193901863);learning.stdp_a_plus=Float(0.04618485101828931);homeostasis.homeo_interval=Int(6);learning.weight_decay=Float(0.002356408208365647);memory.weight_clamp=Float(1.91894181559769);timing.stdp_tau_plus=Float(40.59286232120191);homeostasis.homeo_eta=Float(0.2176745048928248);learning.ltp_ltd_ratio=Float(1.949346271098905);timing.stdp_tau_minus=Float(17.772821981406963);learning.base_learning_rate=Float(0.03780751012307767);learning.trace_increment=Float(0.0703432226018848);memory.dopamine_sensitivity=Float(4.034585555557763);working_memory.capacity=Int(3);curiosity.scale=Float(0.03919549175752222);timing.stdp_window=Int(38);network.inhibitory_ratio=Float(0.1785197024649288);competition.strength=Float(0.16359657963355922);learning.istdp_rate=Float(0.003593589639964884);network.initial_threshold=Float(0.2946449811092217);timing.refractory_period=Int(7);homeostasis.meta_threshold=Float(0.11474875602050423);curiosity.surprise_threshold=Float(0.041538666346934316);memory.tag_decay_rate=Float(0.024245263457588217);homeostasis.memory_alpha=Float(0.03765725099892757);network.initial_exc_weight=Float(0.04205127335434111);predictive.state_learning_rate=Float(0.16761763352845274);learning.stdp_a_minus=Float(0.04675966181926421);timing.stp_recovery_tau=Float(135.27506191406283);stp.use_fraction=Float(0.14886436841889852);homeostasis.target_firing_rate=Float(0.09481073781494301)"
13,0.611429,953,Completed,"competition.strength=Float(0.24978672800347834);learning.trace_increment=Float(0.1408564184421805);memory.dopamine_sensitivity=Float(2.0577365914494115);learning.ltp_ltd_ratio=Float(1.9475048123736645);learning.istdp_rate=Float(0.0029798772246064334);learning.weight_decay=Float(0.000999510901239587);working_memory.capacity=Int(5);learning.stdp_a_plus=Float(0.04367661962021995);network.initial_inh_weight=Float(0.536325358235353);memory.consolidation_rate=Float(0.004686247356046515);homeostasis.memory_alpha=Float(0.03901199405058566);curiosity.scale=Float(0.17900921722618146);timing.eligibility_trace_tau=Float(220.5814950216053);network.initial_threshold=Float(0.2219706722819178);homeostasis.homeo_eta=Float(0.17681105056237686);homeostasis.meta_threshold=Float(0.0824364067130807);homeostasis.homeo_interval=Int(6);predictive.state_learning_rate=Float(0.1796261428761357);timing.refractory_period=Int(9);energy.cost_fire_ratio=Float(0.057899587668455106);memory.tag_decay_rate=Float(0.01745060554413372);timing.stdp_tau_plus=Float(33.90185570900837);timing.stdp_window=Int(29);energy.recovery_rate=Float(8.47951218287449);learning.stdp_a_minus=Float(0.040519753861362064);curiosity.habituation_rate=Float(0.9237018617830942);curiosity.surprise_threshold=Float(0.035859510852456915);timing.stp_recovery_tau=Float(60.55628079002636);learning.base_learning_rate=Float(0.04739740768759451);timing.stdp_tau_minus=Float(19.709450787564144);network.inhibitory_ratio=Float(0.23584787750985658);homeostasis.target_firing_rate=Float(0.1369327518313501);memory.weight_clamp=Float(2.653277260636277);stp.use_fraction=Float(0.10023070652974553);network.initial_exc_weight=Float(0.023270290857942376)"
14,0.655164,666,Completed,"homeostasis.memory_alpha=Float(0.026950496723165386);energy.recovery_rate=Float(7.977301457658713);timing.stp_recovery_tau=Float(132.30439738424133);memory.weight_clamp=Float(2.4202797974972707);competition.strength=Float(0.1239870568793237);homeostasis.meta_threshold=Float(0.06789560710729464);network.initial_exc_weight=Float(0.07890893554056737);timing.stdp_window=Int(41);timing.eligibility_trace_tau=Float(143.97078528859902);memory.consolidation_rate=Float(0.004406374292496214);curiosity.scale=Float(0.21533040587681587);learning.stdp_a_minus=Float(0.010647245278267013);curiosity.habituation_rate=Float(0.9161522216578368);learning.weight_decay=Float(0.004248273789048724);memory.tag_decay_rate=Float(0.009188618166416095);network.inhibitory_ratio=Float(0.22848728514008396);stp.use_fraction=Float(0.14024194787262054);curiosity.surprise_threshold=Float(0.02401664093882233);learning.ltp_ltd_ratio=Float(1.934130682594639);network.initial_threshold=Float(0.2317527689346468);homeostasis.target_firing_rate=Float(0.12595185774749887);working_memory.capacity=Int(6);energy.cost_fire_ratio=Float(0.07741716021378924);learning.base_learning_rate=Float(0.0436974539197277);learning.trace_increment=Float(0.14794941092793584);timing.refractory_period=Int(7);learning.istdp_rate=Float(0.004087088461799336);memory.dopamine_sensitivity=Float(5.124933213257448);predictive.state_learning_rate=Float(0.08061577571803138);timing.stdp_tau_plus=Float(42.46185791736046);learning.stdp_a_plus=Float(0.04456767089189209);network.initial_inh_weight=Float(0.482476294781658);timing.stdp_tau_minus=Float(14.571777339925006);homeostasis.homeo_eta=Float(0.03619184965877604);homeostasis.homeo_interval=Int(6)"
15,0.625872,813,Completed,"timing.stdp_tau_minus=Float(20.688674138087933);memory.weight_clamp=Float(2.9881895226398925);homeostasis.homeo_eta=Float(0.15339526735790895);learning.stdp_a_plus=Float(0.037075163744407516);homeostasis.homeo_interval=Int(3);homeostasis.memory_alpha=Float(0.04473363623948154);network.initial_threshold=Float(0.11957946420171753);curiosity.surprise_threshold=Float(0.02441005631196547);learning.trace_increment=Float(0.1039924930906837);homeostasis.meta_threshold=Float(0.13641419934258198);learning.ltp_ltd_ratio=Float(2.352853870567133);timing.stp_recovery_tau=Float(104.02410823247025);learning.stdp_a_minus=Float(0.03940670385244459);homeostasis.target_firing_rate=Float(0.12986024185546213);timing.stdp_window=Int(26);stp.use_fraction=Float(0.14409287446040958);learning.base_learning_rate=Float(0.03903163185530147);timing.stdp_tau_plus=Float(35.06284367876659);network.inhibitory_ratio=Float(0.18082722951211672);competition.strength=Float(0.2735387852819494);memory.consolidation_rate=Float(0.004829927588074918);timing.refractory_period=Int(8);curiosity.habituation_rate=Float(0.948603793762532);network.initial_inh_weight=Float(0.546015013578817);learning.istdp_rate=Float(0.00012634910250230438);memory.dopamine_sensitivity=Float(5.060650805258343);memory.tag_decay_rate=Float(0.016241155391847985);learning.weight_decay=Float(0.003759802925488866);energy.cost_fire_ratio=Float(0.0550455244036963);predictive.state_learning_rate=Float(0.06490911374681375);timing.eligibility_trace_tau=Float(158.5344508077331);working_memory.capacity=Int(6);network.initial_exc_weight=Float(0.06111666823297661);curiosity.scale=Float(0.12268969430883639);energy.recovery_rate=Float(5.816094282273225)"
16,0.602020,551,Completed,"timing.refractory_period=Int(6);network.initial_exc_weight=Float(0.07114767621996526);curiosity.habituation_rate=Float(0.9396219366538855);learning.trace_increment=Float(0.13013436939337625);working_memory.capacity=Int(6);memory.dopamine_sensitivity=Float(1.4505029817695039);memory.consolidation_rate=Float(0.004535601232744661);memory.tag_decay_rate=Float(0.006150178375688889);homeostasis.target_firing_rate=Float(0.03948130094201334);learning.stdp_a_plus=Float(0.010717186302812116);learning.base_learning_rate=Float(0.04739505223031041);learning.ltp_ltd_ratio=Float(2.375186838296984);energy.recovery_rate=Float(4.512534760756543);predictive.state_learning_rate=Float(0.20121924146106915);learning.weight_decay=Float(0.002056774463503802);homeostasis.homeo_eta=Float(0.24549561410571813);network.initial_threshold=Float(0.18204090252566174);timing.stdp_window=Int(39);timing.stdp_tau_plus=Float(42.836666096196666);curiosity.scale=Float(0.1908992790386312);network.inhibitory_ratio=Float(0.24466126736827692);timing.stdp_tau_minus=Float(21.57736181783894);homeostasis.memory_alpha=Float(0.04827465259313459);competition.strength=Float(0.25547098111255817);learning.istdp_rate=Float(0.004063391097370393);network.initial_inh_weight=Float(0.5474986056907797);learning.stdp_a_minus=Float(0.022608004298435527);energy.cost_fire_ratio=Float(0.02956258466457077);memory.weight_clamp=Float(2.9109003827699693);timing.stp_recovery_tau=Float(151.1632950047877);homeostasis.homeo_interval=Int(4);timing.eligibility_trace_tau=Float(115.47389364928796);curiosity.surprise_threshold=Float(0.038843289432777865);stp.use_fraction=Float(0.1310313390290903);homeostasis.meta_threshold=Float(0.13814844508612262)"
17,0.635410,676,Completed,"curiosity.surprise_threshold=Float(0.030517156107005936);network.initial_exc_weight=Float(0.0613657755547589);timing.stdp_tau_plus=Float(23.211330476499008);homeostasis.meta_threshold=Float(0.16197669195522943);timing.stdp_window=Int(46);network.initial_threshold=Float(0.18700672697439016);learning.base_learning_rate=Float(0.012283904972785132);learning.ltp_ltd_ratio=Float(1.7525518182088975);homeostasis.homeo_interval=Int(10);curiosity.scale=Float(0.23699380259890895);learning.stdp_a_minus=Float(0.04611422869798593);network.initial_inh_weight=Float(0.6602702405211213);learning.trace_increment=Float(0.15759195338645762);homeostasis.homeo_eta=Float(0.1641371787814743);memory.tag_decay_rate=Float(0.009703262103186748);predictive.state_learning_rate=Float(0.2539806409026451);stp.use_fraction=Float(0.1380242805201617);curiosity.habituation_rate=Float(0.9438206591470681);energy.recovery_rate=Float(3.8968875377664545);timing.stp_recovery_tau=Float(101.2362782729874);memory.weight_clamp=Float(2.349301192292315);timing.refractory_period=Int(9);timing.eligibility_trace_tau=Float(206.6669631648499);competition.strength=Float(0.19791751860126797);homeostasis.memory_alpha=Float(0.026828097547830106);energy.cost_fire_ratio=Float(0.060213484640748584);learning.istdp_rate=Float(0.0020755123615207875);homeostasis.target_firing_rate=Float(0.13743185224184576);memory.consolidation_rate=Float(0.0004625963139959137);network.inhibitory_ratio=Float(0.1513196479881461);timing.stdp_tau_minus=Float(22.592455009602116);memory.dopamine_sensitivity=Float(4.117186533314452);learning.weight_decay=Float(0.0038761496122638114);learning.stdp_a_plus=Float(0.01599763464368825);working_memory.capacity=Int(4)"
18,0.644066,614,Completed,"timing.refractory_period=Int(1);energy.recovery_rate=Float(9.49438054126091);homeostasis.target_firing_rate=Float(0.13086755694376015);homeostasis.homeo_interval=Int(3);learning.weight_decay=Float(0.003249367145669965);learning.stdp_a_plus=Float(0.02155123620656115);memory.consolidation_rate=Float(0.002600882995082271);memory.weight_clamp=Float(2.254658572667897);timing.stp_recovery_tau=Float(73.50735362235162);timing.stdp_tau_minus=Float(22.311330775802798);network.initial_exc_weight=Float(0.03508058679874069);learning.stdp_a_minus=Float(0.048160919250026565);curiosity.scale=Float(0.23885754804798812);competition.strength=Float(0.2992527233900625);network.initial_inh_weight=Float(0.20201540051540717);learning.trace_increment=Float(0.13501831193804237);homeostasis.meta_threshold=Float(0.11601393486280319);network.inhibitory_ratio=Float(0.20316044506690478);energy.cost_fire_ratio=Float(0.04813100764484401);curiosity.surprise_threshold=Float(0.043268260849702235);predictive.state_learning_rate=Float(0.20728214627301372);curiosity.habituation_rate=Float(0.9459884205216049);timing.stdp_tau_plus=Float(40.80160458823703);learning.ltp_ltd_ratio=Float(2.173346096922957);homeostasis.memory_alpha=Float(0.04852732076391748);homeostasis.homeo_eta=Float(0.1118044639243289);timing.stdp_window=Int(22);memory.dopamine_sensitivity=Float(3.966654329087272);memory.tag_decay_rate=Float(0.019857371565154144);timing.eligibility_trace_tau=Float(204.94446833733107);learning.istdp_rate=Float(0.00411424830095243);stp.use_fraction=Float(0.13881035996340457);network.initial_threshold=Float(0.18167270721906628);working_memory.capacity=Int(6);learning.base_learning_rate=Float(0.018535749425072166)"
19,0.631754,541,Completed,"homeostasis.homeo_eta=Float(0.10133027411096969);learning.trace_increment=Float(0.14654393229785934);network.initial_inh_weight=Float(0.4033681392444689);curiosity.habituation_rate=Float(0.9406011779123454);stp.use_fraction=Float(0.1484338116479185);homeostasis.meta_threshold=Float(0.16542112999954753);homeostasis.homeo_interval=Int(9);timing.stp_recovery_tau=Float(56.1539270114512);predictive.state_learning_rate=Float(0.19628745099443184);curiosity.scale=Float(0.14332467393794207);homeostasis.memory_alpha=Float(0.022878546696826478);memory.consolidation_rate=Float(0.004987316107584005);working_memory.capacity=Int(4);homeostasis.target_firing_rate=Float(0.12378612888366591);learning.stdp_a_minus=Float(0.03883808047180951);network.inhibitory_ratio=Float(0.1968144843813066);energy.cost_fire_ratio=Float(0.024871519756240655);memory.tag_decay_rate=Float(0.015471437645487359);learning.stdp_a_plus=Float(0.03659611016060135);memory.dopamine_sensitivity=Float(4.646467158954234);learning.istdp_rate=Float(0.0037400519522233057);energy.recovery_rate=Float(10.08283846850573);network.initial_threshold=Float(0.26112408064331954);curiosity.surprise_threshold=Float(0.045382222679067);learning.ltp_ltd_ratio=Float(1.1694593273963452);memory.weight_clamp=Float(1.8337996985842007);learning.base_learning_rate=Float(0.034839121469259056);timing.stdp_tau_plus=Float(37.332048811328605);timing.stdp_tau_minus=Float(16.201940013841245);timing.refractory_period=Int(3);network.initial_exc_weight=Float(0.08271574877731404);learning.weight_decay=Float(0.0033195181460048814);timing.eligibility_trace_tau=Float(106.99275429523382);competition.strength=Float(0.20621633150293872);timing.stdp_window=Int(53)"
20,0.658863,560,Completed,"memory.consolidation_rate=Float(0.0038640709964242);network.initial_exc_weight=Float(0.06397067558112803);timing.refractory_period=Int(9);timing.stdp_window=Int(46);working_memory.capacity=Int(5);homeostasis.memory_alpha=Float(0.029793827056371104);learning.trace_increment=Float(0.1430425410841225);network.inhibitory_ratio=Float(0.18190927363045267);competition.strength=Float(0.21866729038736488);network.initial_inh_weight=Float(0.5421425381307822);curiosity.habituation_rate=Float(0.9422307921415732);learning.base_learning_rate=Float(0.04684133967706965);learning.istdp_rate=Float(0.004692575018618391);learning.stdp_a_plus=Float(0.04686979147951813);timing.eligibility_trace_tau=Float(133.17389058255912);timing.stdp_tau_plus=Float(31.150178695365362);timing.stdp_tau_minus=Float(13.37145112882635);energy.cost_fire_ratio=Float(0.017254609173921544);energy.recovery_rate=Float(1.6553219390696199);memory.weight_clamp=Float(2.0850922998704697);learning.ltp_ltd_ratio=Float(2.149478929384956);curiosity.scale=Float(0.1557183117293097);predictive.state_learning_rate=Float(0.10963246859368693);homeostasis.target_firing_rate=Float(0.12939360518925674);homeostasis.homeo_interval=Int(10);learning.stdp_a_minus=Float(0.026611482552860746);timing.stp_recovery_tau=Float(141.1987780340013);homeostasis.meta_threshold=Float(0.16535895618502028);learning.weight_decay=Float(0.0038963007819480962);homeostasis.homeo_eta=Float(0.11747337926818834);memory.tag_decay_rate=Float(0.022590762322440457);network.initial_threshold=Float(0.11048777941858577);memory.dopamine_sensitivity=Float(3.117986896801271);stp.use_fraction=Float(0.16429866080039615);curiosity.surprise_threshold=Float(0.009843698871285587)"
21,0.655207,444,Completed,"homeostasis.meta_threshold=Float(0.07326313214685376);timing.refractory_period=Int(4);working_memory.capacity=Int(5);stp.use_fraction=Float(0.12890468965724686);homeostasis.memory_alpha=Float(0.007983791944101405);memory.tag_decay_rate=Float(0.024610823970197426);network.inhibitory_ratio=Float(0.24739042279482598);network.initial_inh_weight=Float(0.6912761670982642);memory.consolidation_rate=Float(0.003138208862868652);curiosity.surprise_threshold=Float(0.03928441565490431);learning.istdp_rate=Float(0.0025358104933835123);learning.weight_decay=Float(0.0018638574907774705);energy.recovery_rate=Float(11.521515263831596);memory.weight_clamp=Float(2.8716713334134947);curiosity.habituation_rate=Float(0.9387001659438713);learning.stdp_a_minus=Float(0.015149457198602487);learning.trace_increment=Float(0.16017377095068194);learning.ltp_ltd_ratio=Float(2.0511679467864257);competition.strength=Float(0.25302711551846635);learning.base_learning_rate=Float(0.04872303921466764);energy.cost_fire_ratio=Float(0.05522352550766047);homeostasis.target_firing_rate=Float(0.04977282215835825);homeostasis.homeo_eta=Float(0.06682670609951641);timing.stdp_tau_plus=Float(29.02096255659614);memory.dopamine_sensitivity=Float(2.719887253064636);timing.eligibility_trace_tau=Float(244.05172035192413);timing.stdp_tau_minus=Float(20.304980722792678);learning.stdp_a_plus=Float(0.03398609881894339);homeostasis.homeo_interval=Int(6);network.initial_exc_weight=Float(0.05622974284603953);network.initial_threshold=Float(0.2724206059641253);curiosity.scale=Float(0.15859587638140563);predictive.state_learning_rate=Float(0.2206314725104327);timing.stp_recovery_tau=Float(128.17058249566952);timing.stdp_window=Int(26)"
22,0.635181,730,Completed,"timing.refractory_period=Int(9);curiosity.habituation_rate=Float(0.9023333956057517);timing.stdp_window=Int(26);energy.recovery_rate=Float(4.393935239732716);timing.stdp_tau_minus=Float(25.28477539780661);learning.stdp_a_minus=Float(0.04524619476735737);network.initial_exc_weight=Float(0.07633673901118729);timing.eligibility_trace_tau=Float(235.84921966210223);curiosity.scale=Float(0.07975455839414022);stp.use_fraction=Float(0.16938467880696634);timing.stp_recovery_tau=Float(119.09561636138139);memory.tag_decay_rate=Float(0.024504103370826716);energy.cost_fire_ratio=Float(0.02337476803301246);homeostasis.homeo_interval=Int(5);network.initial_threshold=Float(0.2851746963768207);learning.stdp_a_plus=Float(0.010149205032537974);homeostasis.homeo_eta=Float(0.18105470922334463);homeostasis.target_firing_rate=Float(0.089541376270247);curiosity.surprise_threshold=Float(0.050485884301943215);learning.base_learning_rate=Float(0.047657456160210415);learning.ltp_ltd_ratio=Float(2.298643401893471);learning.weight_decay=Float(0.004380434829045654);memory.consolidation_rate=Float(0.002349351560778299);competition.strength=Float(0.29774506264313705);memory.dopamine_sensitivity=Float(2.9457372003108584);network.initial_inh_weight=Float(0.6208744731547484);predictive.state_learning_rate=Float(0.06169632413696878);network.inhibitory_ratio=Float(0.24347375278442024);memory.weight_clamp=Float(2.9379398920428796);timing.stdp_tau_plus=Float(28.58489460977374);homeostasis.memory_alpha=Float(0.04729356284772362);working_memory.capacity=Int(4);learning.istdp_rate=Float(0.0024778750632139562);learning.trace_increment=Float(0.11206701575128059);homeostasis.meta_threshold=Float(0.15372961681655833)"
23,0.635619,666,Completed,"learning.stdp_a_plus=Float(0.05015167645065852);learning.stdp_a_minus=Float(0.03801040556421746);network.initial_inh_weight=Float(0.6580210055592518);homeostasis.meta_threshold=Float(0.1576443591405741);memory.weight_clamp=Float(2.2514252442054974);timing.refractory_period=Int(6);timing.stdp_window=Int(46);learning.weight_decay=Float(0.0003320679272087449);curiosity.surprise_threshold=Float(0.005478460659850031);memory.consolidation_rate=Float(0.0033909791204591697);competition.strength=Float(0.2968754825640646);curiosity.scale=Float(0.081118209914099);memory.dopamine_sensitivity=Float(1.2804759899807339);predictive.state_learning_rate=Float(0.2040056844716905);network.initial_exc_weight=Float(0.062230238793937076);timing.stdp_tau_minus=Float(20.54222546297643);learning.istdp_rate=Float(0.0018642101912675919);homeostasis.homeo_eta=Float(0.1961258473075288);memory.tag_decay_rate=Float(0.01620370235880923);timing.eligibility_trace_tau=Float(197.27456592891238);energy.recovery_rate=Float(6.119070510640524);homeostasis.memory_alpha=Float(0.052062156319632694);network.initial_threshold=Float(0.2650778051850101);timing.stdp_tau_plus=Float(23.75081004895056);learning.ltp_ltd_ratio=Float(2.111347988040966);timing.stp_recovery_tau=Float(109.99031146289556);curiosity.habituation_rate=Float(0.9377141169602318);homeostasis.target_firing_rate=Float(0.12819360997020118);stp.use_fraction=Float(0.11495362312182636);learning.trace_increment=Float(0.08609046649329608);energy.cost_fire_ratio=Float(0.0569762186396346);network.inhibitory_ratio=Float(0.20950979818811405);learning.base_learning_rate=Float(0.05007991245227864);working_memory.capacity=Int(6);homeostasis.homeo_interval=Int(6)"
24,0.637677,746,Completed,"learning.base_learning_rate=Float(0.035491781184564294);network.initial_exc_weight=Float(0.061110256687065184);energy.cost_fire_ratio=Float(0.06486800324052293);homeostasis.homeo_interval=Int(10);homeostasis.homeo_eta=Float(0.21136949990442244);homeostasis.meta_threshold=Float(0.1052233143954592);timing.refractory_period=Int(6);working_memory.capacity=Int(3);learning.trace_increment=Float(0.05386267522207058);stp.use_fraction=Float(0.16882066834224868);timing.stdp_window=Int(41);learning.stdp_a_plus=Float(0.0488728839896789);timing.eligibility_trace_tau=Float(249.94027670471468);timing.stdp_tau_plus=Float(42.45377145531908);energy.recovery_rate=Float(5.8389461498798205);memory.dopamine_sensitivity=Float(5.406025048905524);memory.tag_decay_rate=Float(0.011446316176430861);competition.strength=Float(0.24609014283541827);memory.weight_clamp=Float(1.847015286993006);learning.istdp_rate=Float(0.0022945215664325566);curiosity.scale=Float(0.03895286062009466);learning.weight_decay=Float(0.0015644071353353576);network.inhibitory_ratio=Float(0.19521271993760317);curiosity.habituation_rate=Float(0.9404853574720876);learning.stdp_a_minus=Float(0.032679596358137115);predictive.state_learning_rate=Float(0.22646836980396612);learning.ltp_ltd_ratio=Float(2.21539145689816);timing.stdp_tau_minus=Float(25.8798690340202);timing.stp_recovery_tau=Float(119.32824211412301);homeostasis.target_firing_rate=Float(0.09156587194687824);curiosity.surprise_threshold=Float(0.030344167214665603);memory.consolidation_rate=Float(0.0027688317809414194);network.initial_threshold=Float(0.16113438011639156);network.initial_inh_weight=Float(0.4272847746329579);homeostasis.memory_alpha=Float(0.040282596874815085)"
25,0.612732,766,Completed,"network.initial_exc_weight=Float(0.03682053678595008);timing.stdp_window=Int(42);timing.stdp_tau_plus=Float(42.19991497746667);learning.stdp_a_plus=Float(0.04855869713345512);learning.weight_decay=Float(0.0027365611894839817);timing.eligibility_trace_tau=Float(146.59101212085017);curiosity.surprise_threshold=Float(0.028596156842912585);homeostasis.homeo_eta=Float(0.15476197424222762);memory.consolidation_rate=Float(0.003956988466288194);memory.tag_decay_rate=Float(0.0254706730028779);network.inhibitory_ratio=Float(0.2078639689618405);learning.stdp_a_minus=Float(0.045446898338721814);homeostasis.homeo_interval=Int(6);memory.dopamine_sensitivity=Float(4.241871374715556);timing.stdp_tau_minus=Float(12.113065894719462);network.initial_inh_weight=Float(0.5668132515314065);homeostasis.target_firing_rate=Float(0.11437785200410938);curiosity.habituation_rate=Float(0.9308738085694783);memory.weight_clamp=Float(2.265895961147243);energy.cost_fire_ratio=Float(0.03131335468062045);working_memory.capacity=Int(4);predictive.state_learning_rate=Float(0.13124002839234658);network.initial_threshold=Float(0.20467953563311125);curiosity.scale=Float(0.20004752320471397);timing.stp_recovery_tau=Float(160.4297285458142);homeostasis.meta_threshold=Float(0.05754248240439745);stp.use_fraction=Float(0.1679891524063398);energy.recovery_rate=Float(10.498251708573255);competition.strength=Float(0.2764794172198697);timing.refractory_period=Int(1);learning.trace_increment=Float(0.10968907051945317);learning.base_learning_rate=Float(0.03133549140564527);learning.istdp_rate=Float(0.004363820926394273);learning.ltp_ltd_ratio=Float(2.1735038974260688);homeostasis.memory_alpha=Float(0.020423891507187833)"
26,0.652204,768,Completed,"learning.stdp_a_minus=Float(0.035238064726404394);curiosity.habituation_rate=Float(0.9194025695527445);curiosity.surprise_threshold=Float(0.04201660210965588);learning.stdp_a_plus=Float(0.014159533171020339);predictive.state_learning_rate=Float(0.24884295166676001);timing.stdp_tau_minus=Float(16.562538069338196);homeostasis.homeo_interval=Int(8);homeostasis.target_firing_rate=Float(0.1398229781235156);network.initial_exc_weight=Float(0.03550742560194513);learning.ltp_ltd_ratio=Float(1.73848911159171);network.initial_inh_weight=Float(0.677426648181264);homeostasis.memory_alpha=Float(0.02315059222819996);memory.dopamine_sensitivity=Float(3.132284340712308);timing.stdp_tau_plus=Float(38.41985861734018);timing.stdp_window=Int(45);network.initial_threshold=Float(0.2727887475334082);memory.tag_decay_rate=Float(0.005423453271487601);energy.recovery_rate=Float(10.172306645934542);homeostasis.homeo_eta=Float(0.22006981654327126);energy.cost_fire_ratio=Float(0.03897289716847541);learning.trace_increment=Float(0.12310040098920008);memory.weight_clamp=Float(2.942635699627603);competition.strength=Float(0.17221319937897223);timing.refractory_period=Int(7);homeostasis.meta_threshold=Float(0.10824725424364379);learning.istdp_rate=Float(0.001902774396329833);learning.weight_decay=Float(0.003215927700140963);curiosity.scale=Float(0.207298591574025);learning.base_learning_rate=Float(0.013169955726752513);stp.use_fraction=Float(0.14053335858987026);network.inhibitory_ratio=Float(0.23883125529131652);timing.eligibility_trace_tau=Float(60.50337292498522);working_memory.capacity=Int(7);memory.consolidation_rate=Float(0.003743217823454928);timing.stp_recovery_tau=Float(154.77147783496684)"
27,0.652722,519,Completed,"learning.ltp_ltd_ratio=Float(2.322713475051036);stp.use_fraction=Float(0.15049764110019842);memory.dopamine_sensitivity=Float(4.942327639773099);energy.cost_fire_ratio=Float(0.07946774213795263);memory.tag_decay_rate=Float(0.02425926928158367);learning.stdp_a_minus=Float(0.04073429257486349);timing.stp_recovery_tau=Float(139.25367335073037);curiosity.surprise_threshold=Float(0.020215210176588786);network.initial_inh_weight=Float(0.5323481815476782);curiosity.scale=Float(0.16167352125087603);homeostasis.memory_alpha=Float(0.020074259802949208);predictive.state_learning_rate=Float(0.23866829525881175);network.inhibitory_ratio=Float(0.1590336968328417);homeostasis.target_firing_rate=Float(0.11555926791521703);memory.consolidation_rate=Float(0.004534354480177713);timing.eligibility_trace_tau=Float(145.97367856092137);energy.recovery_rate=Float(8.108158327431456);timing.refractory_period=Int(3);timing.stdp_tau_plus=Float(11.925103657861497);homeostasis.meta_threshold=Float(0.14903894599970408);learning.istdp_rate=Float(0.003555865194102718);network.initial_threshold=Float(0.12503728550510418);learning.weight_decay=Float(0.0045920202813488475);learning.base_learning_rate=Float(0.013370195873167876);timing.stdp_tau_minus=Float(23.853280645295346);homeostasis.homeo_interval=Int(8);memory.weight_clamp=Float(2.413111528710721);learning.trace_increment=Float(0.1585613981956992);curiosity.habituation_rate=Float(0.9146215428581046);homeostasis.homeo_eta=Float(0.07746976294961519);network.initial_exc_weight=Float(0.06500357119017364);timing.stdp_window=Int(38);working_memory.capacity=Int(7);competition.strength=Float(0.19896431064674733);learning.stdp_a_plus=Float(0.032444680753966025)"
28,0.627856,539,Completed,"curiosity.surprise_threshold=Float(0.03929164556816492);network.initial_threshold=Float(0.2251857933879797);timing.stp_recovery_tau=Float(145.1851893554407);working_memory.capacity=Int(4);learning.base_learning_rate=Float(0.013405610390567597);timing.stdp_tau_minus=Float(20.123977536597284);homeostasis.homeo_interval=Int(7);timing.refractory_period=Int(10);timing.stdp_window=Int(40);homeostasis.homeo_eta=Float(0.18210748628995088);learning.stdp_a_plus=Float(0.041997780049452045);memory.dopamine_sensitivity=Float(1.2996736034517347);memory.tag_decay_rate=Float(0.023203215111094348);network.inhibitory_ratio=Float(0.16693294948594017);energy.recovery_rate=Float(12.798571358387957);memory.consolidation_rate=Float(0.0025091476979453927);network.initial_exc_weight=Float(0.04860637985835932);energy.cost_fire_ratio=Float(0.06779630116601389);learning.ltp_ltd_ratio=Float(2.174562343902551);learning.stdp_a_minus=Float(0.0014721441379450598);learning.weight_decay=Float(0.003948994190639116);learning.trace_increment=Float(0.14131834530069454);competition.strength=Float(0.23741958340104197);homeostasis.memory_alpha=Float(0.039322588420315316);timing.eligibility_trace_tau=Float(148.1745500811782);curiosity.scale=Float(0.2490917635823348);homeostasis.meta_threshold=Float(0.14181510525332186);predictive.state_learning_rate=Float(0.14404789525876938);stp.use_fraction=Float(0.10156749517227698);timing.stdp_tau_plus=Float(44.668572210862436);learning.istdp_rate=Float(0.0026472593623090676);curiosity.habituation_rate=Float(0.9355229050385586);memory.weight_clamp=Float(2.5067930821112343);homeostasis.target_firing_rate=Float(0.09842110253135235);network.initial_inh_weight=Float(0.12860717080268244)"
29,0.654183,596,Completed,"memory.consolidation_rate=Float(0.002141891428837993);curiosity.habituation_rate=Float(0.9346026181181899);network.initial_inh_weight=Float(0.5213620191955385);timing.stdp_tau_minus=Float(23.34802239279915);competition.strength=Float(0.2888573499836161);learning.istdp_rate=Float(0.004850318507116829);homeostasis.homeo_eta=Float(0.2136331853721368);curiosity.scale=Float(0.23209854256643414);curiosity.surprise_threshold=Float(0.046016261908462336);learning.stdp_a_minus=Float(0.035205846400513746);memory.weight_clamp=Float(2.3379094147444492);network.initial_exc_weight=Float(0.04708867729340882);energy.recovery_rate=Float(5.342863244084377);network.initial_threshold=Float(0.27354878256412896);timing.refractory_period=Int(7);homeostasis.memory_alpha=Float(0.006021438488043249);learning.ltp_ltd_ratio=Float(2.467560383134419);memory.tag_decay_rate=Float(0.006951293667301371);memory.dopamine_sensitivity=Float(4.189875382508588);homeostasis.homeo_interval=Int(6);timing.eligibility_trace_tau=Float(210.89389910010945);timing.stp_recovery_tau=Float(145.84614013923476);homeostasis.meta_threshold=Float(0.064023075116338);timing.stdp_window=Int(13);learning.stdp_a_plus=Float(0.027461312722754976);predictive.state_learning_rate=Float(0.24129808983795767);timing.stdp_tau_plus=Float(22.743790557781185);learning.base_learning_rate=Float(0.026167693452482974);learning.trace_increment=Float(0.16016882236818059);stp.use_fraction=Float(0.13869662778188863);energy.cost_fire_ratio=Float(0.04419445828865153);learning.weight_decay=Float(0.003652644070971907);working_memory.capacity=Int(5);homeostasis.target_firing_rate=Float(0.06845519809947703);network.inhibitory_ratio=Float(0.24031368203934136)"
30,0.638552,881,Completed,"homeostasis.homeo_eta=Float(0.15131419230515936);energy.cost_fire_ratio=Float(0.040773731370171);network.inhibitory_ratio=Float(0.151327011490084);learning.trace_increment=Float(0.15242331170067736);memory.tag_decay_rate=Float(0.02428695054498663);predictive.state_learning_rate=Float(0.21786420969475626);network.initial_inh_weight=Float(0.5502555715502835);working_memory.capacity=Int(6);learning.base_learning_rate=Float(0.04241581364847157);timing.eligibility_trace_tau=Float(79.98057389165754);homeostasis.memory_alpha=Float(0.030260152760953677);learning.istdp_rate=Float(0.001678242973163315);timing.stdp_window=Int(30);learning.weight_decay=Float(0.0004379976185825648);energy.recovery_rate=Float(9.048300169419566);homeostasis.homeo_interval=Int(6);learning.ltp_ltd_ratio=Float(1.2242828226239149);stp.use_fraction=Float(0.16464548224225767);homeostasis.target_firing_rate=Float(0.11393681082966198);timing.stdp_tau_plus=Float(51.63387147049277);timing.stp_recovery_tau=Float(89.17462565916931);curiosity.habituation_rate=Float(0.9486789964408798);learning.stdp_a_plus=Float(0.0447325298515457);curiosity.scale=Float(0.2022931396850136);competition.strength=Float(0.29477127590094954);curiosity.surprise_threshold=Float(0.021612795313264432);learning.stdp_a_minus=Float(0.028826944726478995);memory.consolidation_rate=Float(0.004703728706320685);memory.weight_clamp=Float(2.430912650523454);homeostasis.meta_threshold=Float(0.13418755328380214);network.initial_exc_weight=Float(0.08170895630766381);network.initial_threshold=Float(0.19308041392198774);memory.dopamine_sensitivity=Float(2.056885486714748);timing.refractory_period=Int(5);timing.stdp_tau_minus=Float(27.26157667517233)"
31,0.633374,641,Completed,"timing.eligibility_trace_tau=Float(127.02469266416148);energy.recovery_rate=Float(8.487680341929122);learning.weight_decay=Float(0.002944433054883134);memory.consolidation_rate=Float(0.003329076443107118);learning.istdp_rate=Float(0.0035628880125384054);timing.stp_recovery_tau=Float(127.65772032496932);timing.stdp_window=Int(19);learning.ltp_ltd_ratio=Float(1.9821163329719838);learning.stdp_a_plus=Float(0.01012672010579303);network.inhibitory_ratio=Float(0.22229273557250687);network.initial_inh_weight=Float(0.5709945621599896);curiosity.habituation_rate=Float(0.9445534545673415);memory.dopamine_sensitivity=Float(4.300079794670474);network.initial_exc_weight=Float(0.04297229722444255);predictive.state_learning_rate=Float(0.21600735601410442);stp.use_fraction=Float(0.15617159076644377);energy.cost_fire_ratio=Float(0.06834140638316548);competition.strength=Float(0.2299057457898524);learning.base_learning_rate=Float(0.017989306293192626);learning.trace_increment=Float(0.13583714756784893);homeostasis.homeo_interval=Int(10);homeostasis.homeo_eta=Float(0.1038893881332803);homeostasis.meta_threshold=Float(0.097214750909995);timing.stdp_tau_minus=Float(11.950766192039188);memory.weight_clamp=Float(2.8090233006069956);working_memory.capacity=Int(6);network.initial_threshold=Float(0.18777246710093984);memory.tag_decay_rate=Float(0.014930417498091798);learning.stdp_a_minus=Float(0.03511342201663959);curiosity.scale=Float(0.11747432755946048);timing.refractory_period=Int(5);homeostasis.target_firing_rate=Float(0.0877525278967229);homeostasis.memory_alpha=Float(0.025117639538393736);curiosity.surprise_threshold=Float(0.02428448334086791);timing.stdp_tau_plus=Float(43.07782388596745)"
32,0.631142,829,Completed,"learning.trace_increment=Float(0.08576986603107534);energy.recovery_rate=Float(7.390478688848782);predictive.state_learning_rate=Float(0.14916467861951438);homeostasis.target_firing_rate=Float(0.08600019949395214);learning.base_learning_rate=Float(0.047122163463645186);homeostasis.homeo_eta=Float(0.24314634489434453);learning.stdp_a_minus=Float(0.04634295241007185);learning.ltp_ltd_ratio=Float(2.0911055905956557);curiosity.scale=Float(0.1948410266066997);memory.dopamine_sensitivity=Float(2.2867504263498706);working_memory.capacity=Int(4);memory.tag_decay_rate=Float(0.007380045985193003);network.initial_threshold=Float(0.2389095093447039);stp.use_fraction=Float(0.174198738339869);curiosity.surprise_threshold=Float(0.04409923083430604);timing.eligibility_trace_tau=Float(185.5705089484273);curiosity.habituation_rate=Float(0.9302736433181618);network.initial_inh_weight=Float(0.3797765563427882);timing.stp_recovery_tau=Float(137.37493122168235);memory.consolidation_rate=Float(0.004646485767407922);network.initial_exc_weight=Float(0.05057149930870428);competition.strength=Float(0.2810857504096548);timing.stdp_window=Int(30);homeostasis.meta_threshold=Float(0.12235748764880874);timing.refractory_period=Int(6);learning.istdp_rate=Float(0.0008743175327485236);energy.cost_fire_ratio=Float(0.06132823193243896);timing.stdp_tau_minus=Float(23.869941804760586);network.inhibitory_ratio=Float(0.2243785474506157);homeostasis.homeo_interval=Int(4);memory.weight_clamp=Float(2.480502727786196);homeostasis.memory_alpha=Float(0.010347673157310968);learning.stdp_a_plus=Float(0.029888784860933385);timing.stdp_tau_plus=Float(37.63947170638467);learning.weight_decay=Float(0.004568231163243351)"
33,0.611381,714,Completed,"memory.weight_clamp=Float(2.4019687886820105);memory.consolidation_rate=Float(0.004502058039349984);network.inhibitory_ratio=Float(0.23973280113184195);stp.use_fraction=Float(0.14761783902012227);timing.stdp_window=Int(27);memory.tag_decay_rate=Float(0.010309668964545632);learning.stdp_a_minus=Float(0.005981102101034742);curiosity.scale=Float(0.1640520849274593);timing.stdp_tau_plus=Float(22.586995156618535);network.initial_threshold=Float(0.2025911260635106);timing.stp_recovery_tau=Float(68.6541503687981);memory.dopamine_sensitivity=Float(4.503100614413409);network.initial_exc_weight=Float(0.07008117866937098);timing.refractory_period=Int(4);learning.base_learning_rate=Float(0.017337492844168446);competition.strength=Float(0.25182776082116826);homeostasis.target_firing_rate=Float(0.08841846702583564);homeostasis.homeo_eta=Float(0.19875415305112354);homeostasis.meta_threshold=Float(0.15015709205767072);learning.istdp_rate=Float(0.0020751852556539665);learning.weight_decay=Float(0.003382258375329492);predictive.state_learning_rate=Float(0.18766015130040706);homeostasis.memory_alpha=Float(0.04994624196899734);timing.stdp_tau_minus=Float(19.715931989419257);curiosity.habituation_rate=Float(0.9449110188516581);timing.eligibility_trace_tau=Float(226.76569503423892);curiosity.surprise_threshold=Float(0.01970202203181154);learning.ltp_ltd_ratio=Float(2.0458296642279787);learning.stdp_a_plus=Float(0.0433064102312332);homeostasis.homeo_interval=Int(2);working_memory.capacity=Int(6);energy.cost_fire_ratio=Float(0.06519676919449044);learning.trace_increment=Float(0.10671796745311421);network.initial_inh_weight=Float(0.5984709836306216);energy.recovery_rate=Float(11.949086666793816)"
34,0.626063,544,Completed,"memory.weight_clamp=Float(2.3036095633412734);network.initial_inh_weight=Float(0.7767884580597254);timing.stdp_tau_plus=Float(27.388492051369624);homeostasis.meta_threshold=Float(0.06593694207629583);learning.istdp_rate=Float(0.0047423430571664);timing.stdp_window=Int(50);learning.trace_increment=Float(0.11557118632261902);timing.refractory_period=Int(9);stp.use_fraction=Float(0.15472226692473567);timing.eligibility_trace_tau=Float(130.93367336106803);memory.consolidation_rate=Float(0.003753022152779862);energy.cost_fire_ratio=Float(0.0716874713035504);homeostasis.homeo_eta=Float(0.09591515388943142);homeostasis.target_firing_rate=Float(0.10805130926381129);timing.stdp_tau_minus=Float(20.568077704070156);energy.recovery_rate=Float(7.444461196298818);curiosity.habituation_rate=Float(0.935891158753515);learning.ltp_ltd_ratio=Float(1.163914889135378);network.initial_threshold=Float(0.13375793426152272);network.inhibitory_ratio=Float(0.16199080538050992);competition.strength=Float(0.24147320486173807);timing.stp_recovery_tau=Float(124.34732625827829);curiosity.surprise_threshold=Float(0.020205680472358524);homeostasis.homeo_interval=Int(8);predictive.state_learning_rate=Float(0.0658837669915249);learning.weight_decay=Float(0.0045738010156023785);learning.stdp_a_minus=Float(0.048013600596229916);curiosity.scale=Float(0.13576157404476813);homeostasis.memory_alpha=Float(0.019313198169533443);learning.base_learning_rate=Float(0.038729168440152235);learning.stdp_a_plus=Float(0.045661878925203785);working_memory.capacity=Int(7);network.initial_exc_weight=Float(0.0744822527641622);memory.dopamine_sensitivity=Float(2.792559633914512);memory.tag_decay_rate=Float(0.020229769095831966)"
35,0.630778,659,Completed,"memory.tag_decay_rate=Float(0.004951039624621868);curiosity.habituation_rate=Float(0.9297203979931586);learning.stdp_a_plus=Float(0.04233399647505349);predictive.state_learning_rate=Float(0.06698262175009181);timing.eligibility_trace_tau=Float(266.18519117268386);timing.stdp_tau_plus=Float(50.74086981377119);homeostasis.memory_alpha=Float(0.026128803924920226);curiosity.surprise_threshold=Float(0.020490992116390494);network.initial_exc_weight=Float(0.0806259798073736);stp.use_fraction=Float(0.1464738411937081);memory.consolidation_rate=Float(0.004214790788133347);timing.stdp_tau_minus=Float(18.162314992668648);working_memory.capacity=Int(6);network.initial_threshold=Float(0.13690819489697653);timing.refractory_period=Int(9);learning.weight_decay=Float(0.00456390420195039);learning.stdp_a_minus=Float(0.020841071321359157);memory.weight_clamp=Float(2.8569671692924965);learning.istdp_rate=Float(0.0019256525554521135);timing.stp_recovery_tau=Float(149.91403211604666);network.initial_inh_weight=Float(0.6457440962888635);network.inhibitory_ratio=Float(0.1775660589750777);energy.recovery_rate=Float(11.922442971477853);timing.stdp_window=Int(44);energy.cost_fire_ratio=Float(0.02180342990248544);learning.ltp_ltd_ratio=Float(1.6940821098848438);learning.base_learning_rate=Float(0.032273329719033406);memory.dopamine_sensitivity=Float(4.546971671643428);homeostasis.meta_threshold=Float(0.08158352338512975);homeostasis.target_firing_rate=Float(0.07932877480269614);competition.strength=Float(0.23612208080853384);homeostasis.homeo_eta=Float(0.053212955937071926);curiosity.scale=Float(0.18841560585387415);homeostasis.homeo_interval=Int(8);learning.trace_increment=Float(0.13189301765102265)"
36,0.644086,669,Completed,"curiosity.surprise_threshold=Float(0.043074039787769795);homeostasis.meta_threshold=Float(0.14159270210461522);learning.trace_increment=Float(0.14482466321085224);memory.tag_decay_rate=Float(0.0017115400425883802);timing.stdp_tau_minus=Float(14.70777774222842);learning.istdp_rate=Float(0.004560600257702312);timing.eligibility_trace_tau=Float(122.01042298041527);timing.stdp_window=Int(39);timing.refractory_period=Int(8);homeostasis.target_firing_rate=Float(0.11382012767806186);predictive.state_learning_rate=Float(0.2509467374512336);homeostasis.homeo_eta=Float(0.06794402093578689);learning.stdp_a_plus=Float(0.02093337990085906);network.initial_threshold=Float(0.20169633769004056);curiosity.habituation_rate=Float(0.9452248124708945);energy.recovery_rate=Float(12.460579416589015);learning.base_learning_rate=Float(0.03981173161063616);memory.consolidation_rate=Float(0.0025284289994808914);energy.cost_fire_ratio=Float(0.06056443810708924);learning.ltp_ltd_ratio=Float(1.5650495005690144);competition.strength=Float(0.13578680745227886);homeostasis.memory_alpha=Float(0.03610178157130763);learning.stdp_a_minus=Float(0.0321326223563246);timing.stp_recovery_tau=Float(67.67731830889296);memory.weight_clamp=Float(2.511966310793526);network.initial_exc_weight=Float(0.0473895073024066);homeostasis.homeo_interval=Int(10);stp.use_fraction=Float(0.1541233560196411);curiosity.scale=Float(0.1787644792438402);learning.weight_decay=Float(0.003816261643859619);network.inhibitory_ratio=Float(0.1977283957641871);network.initial_inh_weight=Float(0.19171435220439786);working_memory.capacity=Int(7);memory.dopamine_sensitivity=Float(4.205207926501801);timing.stdp_tau_plus=Float(44.93623617685778)"
37,0.631286,791,Completed,"learning.istdp_rate=Float(0.0031009232450511593);learning.stdp_a_minus=Float(0.028901826176769525);network.initial_inh_weight=Float(0.47306238971023407);predictive.state_learning_rate=Float(0.20788406548739508);timing.refractory_period=Int(9);learning.stdp_a_plus=Float(0.03479458025791556);curiosity.scale=Float(0.12053466440190902);network.inhibitory_ratio=Float(0.18261431706664488);timing.stp_recovery_tau=Float(78.49847195402218);homeostasis.homeo_interval=Int(8);homeostasis.target_firing_rate=Float(0.11627140191529678);energy.recovery_rate=Float(9.06432995574184);memory.tag_decay_rate=Float(0.025206567471895036);network.initial_threshold=Float(0.2580414166110664);memory.weight_clamp=Float(2.0156178504730615);learning.trace_increment=Float(0.1321825174689718);homeostasis.homeo_eta=Float(0.209474338884343);timing.eligibility_trace_tau=Float(271.4094944813777);timing.stdp_tau_plus=Float(34.38568497644404);working_memory.capacity=Int(6);learning.base_learning_rate=Float(0.009089078060604883);energy.cost_fire_ratio=Float(0.015765418616534542);memory.consolidation_rate=Float(0.00307603747972195);memory.dopamine_sensitivity=Float(1.3244440111621385);homeostasis.memory_alpha=Float(0.04715082055589902);curiosity.habituation_rate=Float(0.9387312491149016);stp.use_fraction=Float(0.11229143480590811);learning.ltp_ltd_ratio=Float(2.1188543406591878);timing.stdp_tau_minus=Float(17.88964781628215);curiosity.surprise_threshold=Float(0.050203185471054915);competition.strength=Float(0.19221503997505995);network.initial_exc_weight=Float(0.08181555896574062);timing.stdp_window=Int(30);homeostasis.meta_threshold=Float(0.1179977072444739);learning.weight_decay=Float(0.001916747744671709)"
38,0.657376,441,Completed,"homeostasis.homeo_eta=Float(0.2104248761875613);learning.weight_decay=Float(0.0023957402287413695);memory.tag_decay_rate=Float(0.017101666060765665);timing.stdp_tau_minus=Float(16.565681419234185);learning.stdp_a_plus=Float(0.0020526646431658106);memory.consolidation_rate=Float(0.004000781082106004);memory.dopamine_sensitivity=Float(2.2405227551331097);network.initial_threshold=Float(0.2996601339894487);working_memory.capacity=Int(6);curiosity.scale=Float(0.15873755032167247);homeostasis.meta_threshold=Float(0.15095661653926518);energy.cost_fire_ratio=Float(0.07492489249560164);network.inhibitory_ratio=Float(0.20314154680891466);memory.weight_clamp=Float(2.5404277875880776);stp.use_fraction=Float(0.16246818324142792);timing.eligibility_trace_tau=Float(182.3906313470543);timing.stdp_tau_plus=Float(26.970152814632783);learning.istdp_rate=Float(0.005012803059889191);timing.stp_recovery_tau=Float(64.10684537005305);network.initial_exc_weight=Float(0.055431599513495244);homeostasis.homeo_interval=Int(7);homeostasis.target_firing_rate=Float(0.04945227382691863);timing.refractory_period=Int(7);learning.base_learning_rate=Float(0.026128930704232525);learning.ltp_ltd_ratio=Float(2.031316755113964);homeostasis.memory_alpha=Float(0.033370828865647975);competition.strength=Float(0.12960354816857808);learning.trace_increment=Float(0.09219135782732427);timing.stdp_window=Int(37);curiosity.habituation_rate=Float(0.9332112503441077);energy.recovery_rate=Float(10.080164373172487);network.initial_inh_weight=Float(0.7277329567884404);curiosity.surprise_threshold=Float(0.026847309102268728);learning.stdp_a_minus=Float(0.03455354382552988);predictive.state_learning_rate=Float(0.24720466988328954)"
39,0.626967,590,Completed,"memory.consolidation_rate=Float(0.00425693700643185);timing.stdp_tau_minus=Float(24.152730642620643);curiosity.surprise_threshold=Float(0.043323483354953);competition.strength=Float(0.21188613933322165);energy.cost_fire_ratio=Float(0.06515563759839992);timing.stdp_tau_plus=Float(46.72629396354926);learning.weight_decay=Float(0.0011122728882106657);network.initial_exc_weight=Float(0.02621538943057307);homeostasis.memory_alpha=Float(0.028791200304122456);predictive.state_learning_rate=Float(0.11647712900919772);timing.stdp_window=Int(49);network.initial_inh_weight=Float(0.7310050095503695);curiosity.habituation_rate=Float(0.9357044566317239);homeostasis.meta_threshold=Float(0.07604300022964436);curiosity.scale=Float(0.17525275427271908);learning.ltp_ltd_ratio=Float(2.352845311247009);learning.trace_increment=Float(0.11404984318978383);homeostasis.homeo_interval=Int(10);learning.base_learning_rate=Float(0.04645300095655327);energy.recovery_rate=Float(11.697464448096571);homeostasis.target_firing_rate=Float(0.13595676764518877);learning.istdp_rate=Float(0.0020855851039024037);network.initial_threshold=Float(0.14483979662061663);timing.eligibility_trace_tau=Float(99.10985536386954);working_memory.capacity=Int(3);memory.weight_clamp=Float(2.151950340054918);network.inhibitory_ratio=Float(0.1942044724696792);homeostasis.homeo_eta=Float(0.0926933603041557);learning.stdp_a_plus=Float(0.03412684997709628);memory.dopamine_sensitivity=Float(5.486339311461509);timing.stp_recovery_tau=Float(174.26331840089136);stp.use_fraction=Float(0.09470185488339092);timing.refractory_period=Int(7);learning.stdp_a_minus=Float(0.03889510243965665);memory.tag_decay_rate=Float(0.02178261187783969)"
40,0.639833,649,Completed,"homeostasis.meta_threshold=Float(0.1624201797327074);learning.istdp_rate=Float(0.0041821191609562654);network.inhibitory_ratio=Float(0.2431269043924117);memory.consolidation_rate=Float(0.0030542018918912396);curiosity.habituation_rate=Float(0.9179478399362294);homeostasis.target_firing_rate=Float(0.09535100568676158);energy.cost_fire_ratio=Float(0.05151024600526091);network.initial_inh_weight=Float(0.3790032132712666);homeostasis.homeo_eta=Float(0.04867684890252465);timing.stdp_window=Int(51);timing.stp_recovery_tau=Float(140.06178753684782);learning.trace_increment=Float(0.06677507709636704);predictive.state_learning_rate=Float(0.24941731270621934);timing.eligibility_trace_tau=Float(160.62073102468176);learning.stdp_a_plus=Float(0.03541439274475314);stp.use_fraction=Float(0.13384416824761874);working_memory.capacity=Int(6);homeostasis.homeo_interval=Int(8);energy.recovery_rate=Float(8.635575899769453);competition.strength=Float(0.2686563187671491);network.initial_exc_weight=Float(0.07284305157671754);timing.stdp_tau_minus=Float(20.341922347513474);learning.stdp_a_minus=Float(0.045261310234726716);learning.ltp_ltd_ratio=Float(1.397677890117671);timing.stdp_tau_plus=Float(31.926314577443133);memory.tag_decay_rate=Float(0.014132099551645131);curiosity.surprise_threshold=Float(0.032543291221266445);timing.refractory_period=Int(2);learning.weight_decay=Float(0.004497261106925379);memory.weight_clamp=Float(1.8862678736649146);homeostasis.memory_alpha=Float(0.03938476178198698);learning.base_learning_rate=Float(0.02376742003689693);memory.dopamine_sensitivity=Float(5.343062704741737);network.initial_threshold=Float(0.1990685180991582);curiosity.scale=Float(0.051297385206282464)"
